ID,tcr,hla_sequence,antigen
1,ASSQGGDRGDPGDGYT,TVGFFDAQRGPPWEQPEDQHVGHVGIKDWAAAK,CINGVCWTV
2,CASRPGLAGGRPEQYF,TVGFFDAQRGPPWEQPEDQHVGHVGIKDWAAAK,LLFGYPVYV
3,CASRPGLMSAQPEQYF,TVGFFDAQRGPPWEQPEDQHVGHVGIKDWAAAK,LLFGYPVYV
4,CASSYVGNTGELFF,TVGFFDAQRGPPWEQPEDQHVGHVGIKDWAAAK,SLLMWITQC
5,SARDGTGNGYT,TVGFFDAQRGPPWEQPEDQHVGHVGIKDWAAAK,GLCTLVAML
6,CAISEVGVGQPQHF,TVGFFDAQRGPPWEQPEDQHVGHVGIKDWAAAK,AAGIGILTV
7,CAISEVGVGQPQHF,TVGFFDAQRGPPWEQPEDQHVGHVGIKDWAAAK,AAGIGILTV
8,CAISEVGVGQPQHF,TVGFFDAQRGPPWEQPEDQHVGHVGIKDWAAAK,ELAGIGILTV
9,ASSFIGGTDTQYF,TVGFFDAQRGPPWEQPEDQHVGHVGIKDWAAAK,YLEPGPVTV
10,ASSKTSGSPYNEQF,TVGFFDAQRGPPWEQPEDQHVGHVGIKDWAAAK,NLVPMVATV
11,ASSLAPGTTNEKLF,TVGFFDAQRGPPWEQPEDQHVGHVGIKDWAAAK,NLVPMVATV
12,ASSLAPGATNEKLF,TVGFFDAQRGPPWEQPEDQHVGHVGIKDWAAAK,NLVPMVATV
13,ASSRTGGAPEKLF,TVGFFDAQRGPPWEQPEDQHVGHVGIKDWAAAK,NLVPMVATV
14,ASIKTGGAPETQY,TVGFFDAQRGPPWEQPEDQHVGHVGIKDWAAAK,NLVPMVATV
15,ASSLEGYTEAF,TVGFFDAQRGPPWEQPEDQHVGHVGIKDWAAAK,NLVPMVATV
16,ASQIQGYTEAF,TVGFFDAQRGPPWEQPEDQHVGHVGIKDWAAAK,NLVPMVATV
17,ASSPGTGHTGELF,TVGFFDAQRGPPWEQPEDQHVGHVGIKDWAAAK,NLVPMVATV
18,ATAGTGGLF,TVGFFDAQRGPPWEQPEDQHVGHVGIKDWAAAK,NLVPMVATV
19,ASSPVTGTGTYGYT,TVGFFDAQRGPPWEQPEDQHVGHVGIKDWAAAK,NLVPMVATV
20,ATSPGLAGAYQETQY,TVGFFDAQRGPPWEQPEDQHVGHVGIKDWAAAK,NLVPMVATV
21,ATSPGLAGAYQETQY,TVGFFDAQRGPPWEQPEDQHVGHVGIKDWAAAK,NLVPMVATV
22,ASSLLVEQF,TVGFFDAQRGPPWEQPEDQHVGHVGIKDWAAAK,NLVPMVATV
23,VPPYEKLT,TVGFFDAQRGPPWEQPEDQHVGHVGIKDWAAAK,NLVPMVATV
24,ASSQDVSRLAHLSTDTQN,TVGFFDAQRGPPWEQPEDQHVGHVGIKDWAAAK,NLVPMVATV
25,ASSPGLAGGWEQY,TVGFFDAQRGPPWEQPEDQHVGHVGIKDWAAAK,NLVPMVATV
26,SARDNLRANYGYT,TVGFFDAQRGPPWEQPEDQHVGHVGIKDWAAAK,NLVPMVATV
27,ASNPVAGLPGEQY,TVGFFDAQRGPPWEQPEDQHVGHVGIKDWAAAK,NLVPMVATV
28,ASSQGGDGYGYT,TVGFFDAQRGPPWEQPEDQHVGHVGIKDWAAAK,LLWNGPMAV
29,ASSATGTGGYEQY,TVGFFDAQRGPPWEQPEDQHVGHVGIKDWAAAK,LLWNGPMAV
30,ASSLGSTGTYEQY,TVGFFDAQRGPPWEQPEDQHVGHVGIKDWAAAK,LLWNGPMAV
31,ASSSGSPGSYGYT,TVGFFDAQRGPPWEQPEDQHVGHVGIKDWAAAK,LLWNGPMAV
32,ASSSQGAYGYT,TVGFFDAQRGPPWEQPEDQHVGHVGIKDWAAAK,LLWNGPMAV
33,ASSGQGAYGYT,TVGFFDAQRGPPWEQPEDQHVGHVGIKDWAAAK,LLWNGPMAV
34,ASSPSGGAYGYT,TVGFFDAQRGPPWEQPEDQHVGHVGIKDWAAAK,LLWNGPMAV
35,ASTRQGAYEQY,TVGFFDAQRGPPWEQPEDQHVGHVGIKDWAAAK,LLWNGPMAV
36,ASSEAVLGGNSYEQY,TVGFFDAQRGPPWEQPEDQHVGHVGIKDWAAAK,LLWNGPMAV
37,ASSQLGNEQF,TVGFFDAQRGPPWEQPEDQHVGHVGIKDWAAAK,LLWNGPMAV
38,ATSSASSYEQY,TVGFFDAQRGPPWEQPEDQHVGHVGIKDWAAAK,LLWNGPMAV
39,ALSDLGGSGNTGKLI,TVGFFDAQRGPPWEQPEDQHVGHVGIKDWAAAK,LLWNGPMAV
40,ASSLEGQGAPGQPQH,TVGFFDAQRGPPWEQPEDQHVGHVGIKDWAAAK,LLWNGPMAV
41,ASSPGQGPYEQY,TVGFFDAQRGPPWEQPEDQHVGHVGIKDWAAAK,LLWNGPMAV
42,ASSPSGGAYGYT,TVGFFDAQRGPPWEQPEDQHVGHVGIKDWAAAK,LLWNGPMAV
43,ASSPSGGAYGYT,TVGFFDAQRGPPWEQPEDQHVGHVGIKDWAAAK,LLWNGPMAV
44,ATSSGTGAYEQY,TVGFFDAQRGPPWEQPEDQHVGHVGIKDWAAAK,LLWNGPMAV
45,SASEAGGSYEQY,TVGFFDAQRGPPWEQPEDQHVGHVGIKDWAAAK,LLWNGPMAV
46,SASGDRGADTQY,TVGFFDAQRGPPWEQPEDQHVGHVGIKDWAAAK,LLWNGPMAV
47,ASSQAGAYEQY,TVGFFDAQRGPPWEQPEDQHVGHVGIKDWAAAK,LLWNGPMAV
48,ASSAQGDSYEQY,TVGFFDAQRGPPWEQPEDQHVGHVGIKDWAAAK,LLWNGPMAV
49,ASSPRQGNDEQY,TVGFFDAQRGPPWEQPEDQHVGHVGIKDWAAAK,LLWNGPMAV
